<?xml version="1.0" encoding="UTF-8"?>
<beans xmlns="http://www.springframework.org/schema/beans"
	xmlns:xsi="http://www.w3.org/2001/XMLSchema-instance"
	xmlns:context="http://www.springframework.org/schema/context"
	xsi:schemaLocation="http://www.springframework.org/schema/beans http://www.springframework.org/schema/beans/spring-beans-3.1.xsd
		http://www.springframework.org/schema/context http://www.springframework.org/schema/context/spring-context-3.1.xsd">
<context:annotation-config/>

<bean id="emp" class="org.cap.demo.Employee" >
	 <property name="empId" value="1001" />
	<property name="empName" value="Tom"/>
	<property name="salary" value="23000"/>
	<!-- <property name="address" ref="address"/>   -->
	
	<!-- <constructor-arg name="empId" value="1001"/>
	<constructor-arg name="empName" value="Jack"/>
	<constructor-arg name="salary" value="12000"/> -->
	<!-- <constructor-arg name="address" ref="address"/> -->
</bean>


  <bean id="address" class="org.cap.demo.Address">
	<property name="doorNo" value="12/34"/>
	<property name="stName" value="West Car Street"/>
	<property name="city" value="Chennai"/>
</bean> 

<bean id="myaddress" class="org.cap.demo.Address">
	<property name="doorNo" value="190/A"/>
	<property name="stName" value="North Car Street"/>
	<property name="city" value="Hyderabad"/>
</bean>

<!-- <bean id="beanPostProcess" class="org.cap.demo.BeanPostProcessClass"/> -->

</beans>
 